-- leader_traits
-- Author: HaoJun0823
-- DateCreated: 11/14/2021 1:12:44 AM
--------------------------------------------------------------
INSERT INTO TraitModifiers (TraitType, ModifierId) VALUES 
('TRAIT_LEADER_FGO_ANASTASIA', 'MODIFIER_FGO_ANASTASIA_INCREASED_TUNDRA_FAITH');

INSERT INTO Modifiers (ModifierId, ModifierType, RunOnce, Permanent, NewOnly, OwnerRequirementSetId, SubjectRequirementSetId) VALUES 
('MODIFIER_FGO_ANASTASIA_INCREASED_TUNDRA_FAITH', 'MODIFIER_PLAYER_ADJUST_PLOT_YIELD', 0, 0, 0, NULL, 'PLOT_HAS_TUNDRA_REQUIREMENTS');

INSERT INTO ModifierArguments (ModifierId, Name, Value) VALUES 
('MODIFIER_FGO_ANASTASIA_INCREASED_TUNDRA_FAITH', 'Amount', '1'), 
('MODIFIER_FGO_ANASTASIA_INCREASED_TUNDRA_FAITH', 'YieldType', 'YIELD_SCIENCE');

INSERT INTO TraitModifiers (TraitType, ModifierId) VALUES 
('TRAIT_LEADER_FGO_ANASTASIA', 'MODIFIER_FGO_ANASTASIA_INCREASED_TUNDRA_PRODUCTION');

INSERT INTO Modifiers (ModifierId, ModifierType, RunOnce, Permanent, NewOnly, OwnerRequirementSetId, SubjectRequirementSetId) VALUES 
('MODIFIER_FGO_ANASTASIA_INCREASED_TUNDRA_PRODUCTION', 'MODIFIER_PLAYER_ADJUST_PLOT_YIELD', 0, 0, 0, NULL, 'PLOT_HAS_TUNDRA_REQUIREMENTS');

INSERT INTO ModifierArguments (ModifierId, Name, Value) VALUES 
('MODIFIER_FGO_ANASTASIA_INCREASED_TUNDRA_PRODUCTION', 'Amount', '1'), 
('MODIFIER_FGO_ANASTASIA_INCREASED_TUNDRA_PRODUCTION', 'YieldType', 'YIELD_CULTURE');

--

INSERT INTO TraitModifiers (TraitType, ModifierId) VALUES 
('TRAIT_LEADER_FGO_ANASTASIA', 'MODIFIER_FGO_ANASTASIA_INCREASED_TUNDRA_HILLS_FAITH');

INSERT INTO Modifiers (ModifierId, ModifierType, RunOnce, Permanent, NewOnly, OwnerRequirementSetId, SubjectRequirementSetId) VALUES 
('MODIFIER_FGO_ANASTASIA_INCREASED_TUNDRA_HILLS_FAITH', 'MODIFIER_PLAYER_ADJUST_PLOT_YIELD', 0, 0, 0, NULL, 'REQUIRES_PLOT_HAS_TUNDRA_HILLS');

INSERT INTO ModifierArguments (ModifierId, Name, Value) VALUES 
('MODIFIER_FGO_ANASTASIA_INCREASED_TUNDRA_HILLS_FAITH', 'Amount', '1'), 
('MODIFIER_FGO_ANASTASIA_INCREASED_TUNDRA_HILLS_FAITH', 'YieldType', 'YIELD_SCIENCE');

INSERT INTO TraitModifiers (TraitType, ModifierId) VALUES 
('TRAIT_LEADER_FGO_ANASTASIA', 'MODIFIER_FGO_ANASTASIA_INCREASED_TUNDRA_HILLS_PRODUCTION');

INSERT INTO Modifiers (ModifierId, ModifierType, RunOnce, Permanent, NewOnly, OwnerRequirementSetId, SubjectRequirementSetId) VALUES 
('MODIFIER_FGO_ANASTASIA_INCREASED_TUNDRA_HILLS_PRODUCTION', 'MODIFIER_PLAYER_ADJUST_PLOT_YIELD', 0, 0, 0, NULL, 'REQUIRES_PLOT_HAS_TUNDRA_HILLS');

INSERT INTO ModifierArguments (ModifierId, Name, Value) VALUES 
('MODIFIER_FGO_ANASTASIA_INCREASED_TUNDRA_HILLS_PRODUCTION', 'Amount', '1'), 
('MODIFIER_FGO_ANASTASIA_INCREASED_TUNDRA_HILLS_PRODUCTION', 'YieldType', 'YIELD_CULTURE');

--

INSERT INTO TraitModifiers (TraitType, ModifierId) VALUES 
('TRAIT_LEADER_FGO_ANASTASIA', 'MODIFIER_FGO_ANASTASIA_INCREASED_SNOW_CULTURE');

INSERT INTO Modifiers (ModifierId, ModifierType, RunOnce, Permanent, NewOnly, OwnerRequirementSetId, SubjectRequirementSetId) VALUES 
('MODIFIER_FGO_ANASTASIA_INCREASED_SNOW_CULTURE', 'MODIFIER_PLAYER_ADJUST_PLOT_YIELD', 0, 0, 0, NULL, 'REQUIRES_FGO_PLOT_HAS_SNOW');

INSERT INTO ModifierArguments (ModifierId, Name, Value) VALUES 
('MODIFIER_FGO_ANASTASIA_INCREASED_SNOW_CULTURE', 'Amount', '2'), 
('MODIFIER_FGO_ANASTASIA_INCREASED_SNOW_CULTURE', 'YieldType', 'YIELD_FAITH');

INSERT INTO TraitModifiers (TraitType, ModifierId) VALUES 
('TRAIT_LEADER_FGO_ANASTASIA', 'MODIFIER_FGO_ANASTASIA_INCREASED_SNOW_SCIENCE');

INSERT INTO Modifiers (ModifierId, ModifierType, RunOnce, Permanent, NewOnly, OwnerRequirementSetId, SubjectRequirementSetId) VALUES 
('MODIFIER_FGO_ANASTASIA_INCREASED_SNOW_SCIENCE', 'MODIFIER_PLAYER_ADJUST_PLOT_YIELD', 0, 0, 0, NULL, 'REQUIRES_FGO_PLOT_HAS_SNOW');

INSERT INTO ModifierArguments (ModifierId, Name, Value) VALUES 
('MODIFIER_FGO_ANASTASIA_INCREASED_SNOW_SCIENCE', 'Amount', '2'), 
('MODIFIER_FGO_ANASTASIA_INCREASED_SNOW_SCIENCE', 'YieldType', 'YIELD_PRODUCTION');

--

INSERT INTO TraitModifiers (TraitType, ModifierId) VALUES 
('TRAIT_LEADER_FGO_ANASTASIA', 'MODIFIER_FGO_ANASTASIA_NO_BLIZZARD');

INSERT INTO Modifiers (ModifierId, ModifierType, RunOnce, Permanent, NewOnly, OwnerRequirementSetId, SubjectRequirementSetId) VALUES 
('MODIFIER_FGO_ANASTASIA_NO_BLIZZARD', 'MODIFIER_PLAYER_ADJUST_RANDOM_EVENT_NO_UNIT_DAMAGE', 0, 0, 0, NULL, NULL);

INSERT INTO ModifierArguments (ModifierId, Name, Value) VALUES 
('MODIFIER_FGO_ANASTASIA_NO_BLIZZARD', 'NoDamage', 'true'), 
('MODIFIER_FGO_ANASTASIA_NO_BLIZZARD', 'RandomEventType', 'RANDOM_EVENT_BLIZZARD_SIGNIFICANT');


INSERT INTO TraitModifiers (TraitType, ModifierId) VALUES 
('TRAIT_LEADER_FGO_ANASTASIA', 'MODIFIER_FGO_ANASTASIA_NO_BLIZZARD_2');

INSERT INTO Modifiers (ModifierId, ModifierType, RunOnce, Permanent, NewOnly, OwnerRequirementSetId, SubjectRequirementSetId) VALUES 
('MODIFIER_FGO_ANASTASIA_NO_BLIZZARD_2', 'MODIFIER_PLAYER_ADJUST_RANDOM_EVENT_NO_UNIT_DAMAGE', 0, 0, 0, NULL, NULL);

INSERT INTO ModifierArguments (ModifierId, Name, Value) VALUES 
('MODIFIER_FGO_ANASTASIA_NO_BLIZZARD_2', 'NoDamage', 'true'), 
('MODIFIER_FGO_ANASTASIA_NO_BLIZZARD_2', 'RandomEventType', 'RANDOM_EVENT_VOLCANO_MEGACOLOSSAL');

--

INSERT INTO TraitModifiers (TraitType, ModifierId) VALUES 
('TRAIT_LEADER_FGO_ANASTASIA', 'MODIFIER_FGO_ANASTASIA_WONDER_APPEAL');

INSERT INTO Modifiers (ModifierId, ModifierType, RunOnce, Permanent, NewOnly, OwnerRequirementSetId, SubjectRequirementSetId) VALUES 
('MODIFIER_FGO_ANASTASIA_WONDER_APPEAL', 'MODIFIER_PLAYER_CITIES_ADJUST_CITY_APPEAL', 0, 0, 0, NULL, 'REQSET_FGO_ANASTASIA_HAS_ANY_WONDER');

INSERT INTO ModifierArguments (ModifierId, Name, Value) VALUES 
('MODIFIER_FGO_ANASTASIA_WONDER_APPEAL', 'Amount', '8');


-- RequirementSets

INSERT INTO RequirementSets (RequirementSetId, RequirementSetType) VALUES 
('REQUIRES_FGO_PLOT_HAS_SNOW', 'REQUIREMENTSET_TEST_ANY');

INSERT INTO RequirementSetRequirements (RequirementSetId, RequirementId) VALUES 
('REQUIRES_FGO_PLOT_HAS_SNOW', 'REQ_FGO_PLOT_TERRAIN_TYPE_MATCHES_SNOW'), 
('REQUIRES_FGO_PLOT_HAS_SNOW', 'REQ_FGO_PLOT_TERRAIN_TYPE_MATCHES_SNOW_HILLS');

-- Requirements

INSERT INTO Requirements (RequirementId, RequirementType) VALUES 
('REQ_FGO_PLOT_TERRAIN_TYPE_MATCHES_SNOW', 'REQUIREMENT_PLOT_TERRAIN_TYPE_MATCHES'), 
('REQ_FGO_PLOT_TERRAIN_TYPE_MATCHES_SNOW_HILLS', 'REQUIREMENT_PLOT_TERRAIN_TYPE_MATCHES');

INSERT INTO RequirementArguments (RequirementId, Name, Value) VALUES 
('REQ_FGO_PLOT_TERRAIN_TYPE_MATCHES_SNOW', 'TerrainType', 'TERRAIN_SNOW'), 
('REQ_FGO_PLOT_TERRAIN_TYPE_MATCHES_SNOW_HILLS', 'TerrainType', 'TERRAIN_SNOW_HILLS');

-- RequirementSets

INSERT INTO RequirementSets (RequirementSetId, RequirementSetType) VALUES 
('REQSET_FGO_ANASTASIA_HAS_ANY_WONDER', 'REQUIREMENTSET_TEST_ALL');

INSERT INTO RequirementSetRequirements (RequirementSetId, RequirementId) VALUES 
('REQSET_FGO_ANASTASIA_HAS_ANY_WONDER', 'REQ_FGO_ANASTASIA_HAS_ANY_WONDER');

-- Requirements

INSERT INTO Requirements (RequirementId, RequirementType) VALUES 
('REQ_FGO_ANASTASIA_HAS_ANY_WONDER', 'REQUIREMENT_CITY_HAS_ANY_WONDER');
